<?xml version="1.0" encoding="utf-8"?>
<odoo>
    <data noupdate="1">
        <!-- Financial Reports -->
        <record id="ins_account_financial_report_profitandloss0"
                model="ins.account.financial.report">
            <field name="name">Profit and Loss</field>
            <field name="type">sum</field>
            <field name="sign">-1</field>
        </record>

        <record id="ins_account_financial_report_income0"
                model="ins.account.financial.report">
            <field name="name">Income</field>
            <field name="sequence">1</field>
            <field name="parent_id"
                   ref="ins_account_financial_report_profitandloss0"/>
            <field name="display_detail">detail_with_hierarchy</field>
            <field name="type">sum</field>
            <field name="range_selection">current_date_range</field>
        </record>

        <record id="ins_account_financial_report_gross_profit0"
                model="ins.account.financial.report">
            <field name="name">Gross Profit</field>
            <field name="parent_id"
                   ref="ins_account_financial_report_income0"/>
            <field name="display_detail">detail_with_hierarchy</field>
            <field name="type">sum</field>
            <field name="range_selection">current_date_range</field>
        </record>

        <record id="ins_account_financial_report_operating_income0"
                model="ins.account.financial.report">
            <field name="name">Operating Income</field>
            <field name="sequence">1</field>
            <field name="parent_id"
                   ref="ins_account_financial_report_gross_profit0"/>
            <field name="display_detail">detail_with_hierarchy</field>
            <field name="type">account_type</field>
            <field name="range_selection">current_date_range</field>
            <field name="account_type_ids"
                   eval="[(4,ref('account.data_account_type_revenue'))]"/>
        </record>

        <record id="ins_account_financial_report_cost_of_revenue0"
                model="ins.account.financial.report">
            <field name="name">Cost of Revenue</field>
            <field name="sequence">10</field>
            <field name="parent_id"
                   ref="ins_account_financial_report_gross_profit0"/>
            <field name="display_detail">detail_with_hierarchy</field>
            <field name="type">account_type</field>
            <field name="range_selection">current_date_range</field>
            <field name="account_type_ids"
                   eval="[(4,ref('account.data_account_type_direct_costs'))]"/>
        </record>

        <record id="ins_account_financial_report_other_income0"
                model="ins.account.financial.report">
            <field name="name">Other Income</field>
            <field name="parent_id"
                   ref="ins_account_financial_report_income0"/>
            <field name="display_detail">detail_with_hierarchy</field>
            <field name="type">account_type</field>
            <field name="range_selection">current_date_range</field>
            <field name="account_type_ids"
                   eval="[(4,ref('account.data_account_type_other_income'))]"/>
        </record>

        <record id="ins_account_financial_report_expense0"
                model="ins.account.financial.report">
            <field name="name">Expense</field>
            <field name="sequence">10</field>
            <field name="parent_id"
                   ref="ins_account_financial_report_profitandloss0"/>
            <field name="display_detail">detail_with_hierarchy</field>
            <field name="type">account_type</field>
            <field name="range_selection">current_date_range</field>
            <field name="account_type_ids"
                   eval="[(4,ref('account.data_account_type_expenses')), (4,ref('account.data_account_type_depreciation'))]"/>
        </record>

        <record id="ins_account_financial_report_balancesheet0"
                model="ins.account.financial.report">
            <field name="name">BALANCE SHEET</field>
            <field name="type">sum</field>
        </record>

        <record id="ins_account_financial_report_assets0"
                model="ins.account.financial.report">
            <field name="name">ASSETS</field>
            <field name="sequence">1</field>
            <field name="parent_id"
                   ref="ins_account_financial_report_balancesheet0"/>
            <field name="display_detail">detail_with_hierarchy</field>
            <field name="range_selection">from_the_beginning</field>
            <field name="type">account_type</field>
            <field name="account_type_ids"
                   eval="[(4,ref('account.data_account_type_receivable')), (4,ref('account.data_account_type_liquidity')), (4,ref('account.data_account_type_current_assets')), (4,ref('account.data_account_type_non_current_assets'), (4,ref('account.data_account_type_prepayments'))), (4,ref('account.data_account_type_fixed_assets'))]"/>
        </record>

        <record id="ins_account_financial_report_liabilitysum0"
                model="ins.account.financial.report">
            <field name="name">LIABILITIES</field>
            <field name="sequence">2</field>
            <field name="parent_id"
                   ref="ins_account_financial_report_balancesheet0"/>
            <field name="display_detail">no_detail</field>
            <field name="type">sum</field>
        </record>

        <record id="ins_account_financial_report_liability0"
                model="ins.account.financial.report">
            <field name="name">Liability</field>
            <field name="parent_id"
                   ref="ins_account_financial_report_liabilitysum0"/>
            <field name="display_detail">detail_with_hierarchy</field>
            <field name="type">account_type</field>
            <field name="range_selection">from_the_beginning</field>
            <field name="account_type_ids"
                   eval="[(4,ref('account.data_account_type_payable')), (4,ref('account.data_account_type_current_liabilities')), (4,ref('account.data_account_type_non_current_liabilities'))]"/>
        </record>

        <record id="ins_account_financial_report_equitysum0"
                model="ins.account.financial.report">
            <field name="name">EQUITY</field>
            <field name="sequence">300</field>
            <field name="parent_id"
                   ref="ins_account_financial_report_balancesheet0"/>
            <field name="display_detail">no_detail</field>
            <field name="type">sum</field>
        </record>

        <record id="ins_account_financial_report_retained_earnings0"
                model="ins.account.financial.report">
            <field name="name">Retained Earnings</field>
            <field name="sequence">10</field>
            <field name="parent_id"
                   ref="ins_account_financial_report_equitysum0"/>
            <field name="display_detail">detail_with_hierarchy</field>
            <field name="type">account_type</field>
            <field name="range_selection">from_the_beginning</field>
            <field name="account_type_ids"
                   eval="[(4,ref('account.data_account_type_equity'))]"/>
        </record>

        <record id="ins_account_financial_report_unallocated_earnings0"
                model="ins.account.financial.report">
            <field name="name">Unallocated Earnings</field>
            <field name="sequence">1</field>
            <field name="parent_id"
                   ref="ins_account_financial_report_equitysum0"/>
            <field name="display_detail">no_detail</field>
            <field name="type">sum</field>
        </record>

        <record id="ins_account_financial_report_current_unallocated_earnings0"
                model="ins.account.financial.report">
            <field name="name">Current Unallocated Earnings</field>
            <field name="sequence">1</field>
            <field name="parent_id"
                   ref="ins_account_financial_report_unallocated_earnings0"/>
            <field name="display_detail">no_detail</field>
            <field name="type">sum</field>
        </record>

        <record id="ins_account_financial_report_current_earnings0"
                model="ins.account.financial.report">
            <field name="name">Current Earnings</field>
            <field name="parent_id"
                   ref="ins_account_financial_report_current_unallocated_earnings0"/>
            <field name="display_detail">no_detail</field>
            <field name="type">account_type</field>
            <field name="range_selection">current_date_range</field>
            <field name="account_type_ids"
                   eval="[(4,ref('account.data_account_type_other_income')),
                   (4,ref('account.data_account_type_revenue')),
                   (4,ref('account.data_account_type_expenses')),
                   (4,ref('account.data_account_type_direct_costs')),
                   (4,ref('account.data_account_type_depreciation'))]"/>
        </record>

        <record id="ins_account_financial_report_current_allocated_earnings0"
                model="ins.account.financial.report">
            <field name="name">Current Allocated Earnings</field>
            <field name="sign">-1</field>
            <field name="parent_id"
                   ref="ins_account_financial_report_current_unallocated_earnings0"/>
            <field name="display_detail">no_detail</field>
            <field name="type">account_type</field>
            <field name="range_selection">current_date_range</field>
            <field name="account_type_ids"
                   eval="[(4,ref('account.data_unaffected_earnings'))]"/>
        </record>

        <record id="ins_account_financial_report_previous_unallocated_earnings0"
                model="ins.account.financial.report">
            <field name="name">Previous Unallocated Earnings</field>
            <field name="sequence">10</field>
            <field name="parent_id"
                   ref="ins_account_financial_report_unallocated_earnings0"/>
            <field name="display_detail">no_detail</field>
            <field name="type">account_type</field>
            <field name="range_selection">initial_date_range</field>
            <field name="account_type_ids"
                   eval="[(4,ref('account.data_unaffected_earnings')),
                   (4,ref('account.data_account_type_other_income')),
                   (4,ref('account.data_account_type_revenue')),
                   (4,ref('account.data_account_type_expenses')),
                   (4,ref('account.data_account_type_direct_costs')),
                   (4,ref('account.data_account_type_depreciation'))]"/>
        </record>

        <record id="ins_account_financial_report_cash_flow0" model="ins.account.financial.report">
            <field name="name">Cash Flow Statement</field>
            <field name="type">sum</field>
            <field name="display_detail">no_detail</field>
        </record>

        <record id="ins_account_financial_report_operation0" model="ins.account.financial.report">
            <field name="name">Operations</field>
            <field name="sequence">1</field>
            <field name="parent_id" ref="ins_account_financial_report_cash_flow0"/>
            <field name="display_detail">detail_with_hierarchy</field>
            <field name="type">sum</field>
        </record>

        <record id="ins_account_financial_report_investing_activity0" model="ins.account.financial.report">
            <field name="name">Investing Activities</field>
            <field name="sequence">2</field>
            <field name="parent_id" ref="ins_account_financial_report_cash_flow0"/>
            <field name="display_detail">detail_with_hierarchy</field>
            <field name="type">sum</field>
        </record>

        <record id="ins_account_financial_report_financing_activity1" model="ins.account.financial.report">
            <field name="name">Financing Activities</field>
            <field name="sequence">3</field>
            <field name="parent_id" ref="ins_account_financial_report_cash_flow0"/>
            <field name="display_detail">detail_with_hierarchy</field>
            <field name="type">sum</field>
        </record>



        <record id="ins_cash_in_operation_1" model="ins.account.financial.report">
            <field name="name">Cash In</field>
            <field name="sequence">1</field>
            <field name="parent_id" ref="ins_account_financial_report_operation0"/>
            <field name="display_detail">detail_with_hierarchy</field>
            <field name="type">accounts</field>
            <field name="range_selection">current_date_range</field>
        </record>
        <record id="ins_cash_out_operation_2" model="ins.account.financial.report">
            <field name="name">Cash Out</field>
            <field name="sequence">2</field>
            <field name="parent_id" ref="ins_account_financial_report_operation0"/>
            <field name="display_detail">detail_with_hierarchy</field>
            <field name="type">accounts</field>
            <field name="range_selection">current_date_range</field>
        </record>

        <record id="ins_cash_in_investing_1" model="ins.account.financial.report">
            <field name="name">Cash In</field>
            <field name="parent_id" ref="ins_account_financial_report_investing_activity0"/>
            <field name="display_detail">detail_with_hierarchy</field>
            <field name="type">accounts</field>
            <field name="range_selection">current_date_range</field>
        </record>
        <record id="ins_cash_out_investing_2" model="ins.account.financial.report">
            <field name="name">Cash Out</field>
            <field name="parent_id" ref="ins_account_financial_report_investing_activity0"/>
            <field name="display_detail">detail_with_hierarchy</field>
            <field name="type">accounts</field>
            <field name="range_selection">current_date_range</field>
        </record>

        <record id="ins_cash_in_financial_1" model="ins.account.financial.report">
            <field name="name">Cash In</field>
            <field name="parent_id" ref="ins_account_financial_report_financing_activity1"/>
            <field name="display_detail">detail_with_hierarchy</field>
            <field name="type">accounts</field>
            <field name="range_selection">current_date_range</field>
        </record>
        <record id="ins_cash_out_financial_2" model="ins.account.financial.report">
            <field name="name">Cash Out</field>
            <field name="parent_id" ref="ins_account_financial_report_financing_activity1"/>
            <field name="display_detail">detail_with_hierarchy</field>
            <field name="type">accounts</field>
            <field name="range_selection">current_date_range</field>
        </record>

    </data>
</odoo>
